INSERT INTO auth.users (instance_id,id,aud,role,email,encrypted_password,email_confirmed_at,invited_at,confirmation_token,confirmation_sent_at,recovery_token,recovery_sent_at,email_change_token_new,email_change,email_change_sent_at,last_sign_in_at,raw_app_meta_data,raw_user_meta_data,is_super_admin,created_at,updated_at,phone,phone_confirmed_at,phone_change,phone_change_token,phone_change_sent_at,email_change_token_current,email_change_confirm_status,banned_until,reauthentication_token,reauthentication_sent_at,is_sso_user,deleted_at,is_anonymous) VALUES ('00000000-0000-0000-0000-000000000000', '0f5d546a-dd80-5406-a005-a4f3061b9fb4', 'authenticated', 'authenticated', 'loick.perron@example.com', '$2b$06$9UF8tWO1/oJQHkwJzNXrnu.dtgmY5vDvZ4Vbt.6yo6YowA/.A32Py', '2025-07-29T19:21:46.213Z', '2020-03-07T03:00:57.000Z', 'Videant qui et restatem eas causa epicipsa.', '2020-12-28T11:35:00.000Z', 'Graecistius ab esse verum libervi, periis sit vire vitamicar voluptatem atione fortibus eo.', '2020-01-09T00:49:11.000Z', 'Concere ego nihil intellegan intera.', 'Lectorquem otis optimi sentiar legantiam scaevole.', '2020-10-02T09:19:38.000Z', '2020-08-16T19:13:05.000Z', '{"provider":"email","providers":["email"]}', '{"email_verified":true}', 't', '2020-06-06T05:41:47.000Z', '2020-03-11T02:10:13.000Z', DEFAULT, '2020-03-11T02:53:19.000Z', DEFAULT, DEFAULT, '2020-12-24T11:30:02.000Z', DEFAULT, DEFAULT, NULL, DEFAULT, '2020-06-26T17:49:35.000Z', DEFAULT, '2020-03-23T14:25:27.000Z', DEFAULT), ('00000000-0000-0000-0000-000000000000', '5fef9e7c-116a-5504-a6ae-d16f4442d448', 'authenticated', 'authenticated', 'alain.gautier@example.com', '$2b$06$DVpRHWDE.bTQ/95rRMxC7eWUDOd/u8Z/pPRi0E/EbLyVrZVoW3/OG', '2025-07-29T19:21:46.213Z', '2020-03-23T14:40:28.000Z', 'Epicium confirmissum inem andae dolordinem nec util.', '2020-10-18T22:13:30.000Z', 'Rerum dum orum amiciti quam, insequimur aut maximus dis ad illus.', '2020-09-25T08:22:24.000Z', 'Se eius et continere sedatum et, vituptas iudicarte necest in omnesque saepe spatio.', 'Is liberea consequatur ne liberenda etiamque quasi.', '2020-06-18T17:21:57.000Z', '2020-03-27T14:58:22.000Z', '{"provider":"email","providers":["email"]}', '{"email_verified":true}', 't', '2020-01-17T12:52:35.000Z', '2020-05-25T17:01:44.000Z', DEFAULT, '2020-07-19T18:13:25.000Z', DEFAULT, DEFAULT, '2020-06-22T05:10:29.000Z', DEFAULT, DEFAULT, NULL, DEFAULT, '2020-06-06T17:32:29.000Z', DEFAULT, '2020-08-12T20:00:19.000Z', DEFAULT);
INSERT INTO public.boats (id,created_by,name,created_at) VALUES ('4e3154f8-cf41-548c-b828-3f67e4bab313', '0f5d546a-dd80-5406-a005-a4f3061b9fb4', 'Beulah', DEFAULT), ('d514a2a9-b3a3-549c-8b0f-275ed0f26451', '0f5d546a-dd80-5406-a005-a4f3061b9fb4', 'Jewel', DEFAULT), ('d9ab4294-750c-51da-93fe-b4125401af7a', '5fef9e7c-116a-5504-a6ae-d16f4442d448', 'Lamar', DEFAULT), ('5946d138-6826-52e5-bde3-d55fe3b812ff', '0f5d546a-dd80-5406-a005-a4f3061b9fb4', 'Isadore', DEFAULT);
INSERT INTO public.interventions (id,boat_id,description,title,date,created_at) VALUES ('7547ddf8-ad05-5c14-8354-2df871f6fa3e', '4e3154f8-cf41-548c-b828-3f67e4bab313', 'His epicullam venire enimurus dis dationes quam a, quidem traditatqui afferendam nis iudicanim est inis.', 'Et praesidita pluribus quidem malum.', '2020-01-21T00:43:06.000Z', DEFAULT), ('c429f34a-f64a-57c1-9860-c9c1edecccb1', '4e3154f8-cf41-548c-b828-3f67e4bab313', 'Sic autemus desis tum vitae quae assidiarit primis, his inem rebus ipsa ad.', 'Viveriores quae magis sitatem vero formavittam, regione se copulla est manusdam quam probaremus.', '2020-01-09T00:27:39.000Z', DEFAULT), ('a7c48d2f-3601-5e8f-b1f4-b1a2f998a010', 'd514a2a9-b3a3-549c-8b0f-275ed0f26451', 'Parantiam esse atque quoniamus ant endi libiditiis hoc.', 'Librisque quidem posse monstret sum occula quam expedita.', '2020-05-25T16:55:55.000Z', DEFAULT), ('e3f5f201-335e-5e45-8c0a-b6eb83720f9b', 'd514a2a9-b3a3-549c-8b0f-275ed0f26451', 'Nam vult dis expectant modicur te sever, parenim magnit et sum idis hocles fuit.', 'Voce detertim exultimar esset voluptate.', '2020-02-26T01:53:38.000Z', DEFAULT), ('01245c2d-ddc6-511b-8300-8a0081fba05f', 'd9ab4294-750c-51da-93fe-b4125401af7a', 'Quaedamarbit quod desis putari voluptatem fore endumve.', 'Iamsi aut naturbane epicura qui salut.', '2020-03-03T02:43:52.000Z', DEFAULT), ('3df6bbe6-78cf-56ea-ae57-a961ebee84c1', 'd9ab4294-750c-51da-93fe-b4125401af7a', 'Homindivid contra sapientesque gessis sententionem est in horum, abo rationum cere tenta nosque aegritum metus quod.', 'Plerum quid nos mors romans doloristem patriam, quod in voluptatib qui physicis inant qua.', '2020-03-23T03:01:55.000Z', DEFAULT), ('73d80be7-535f-5f05-830e-904e4fe9a4ce', '5946d138-6826-52e5-bde3-d55fe3b812ff', 'Ab nihillum vivatum acut repet ut omnis honesse, quae utamicul obliquidae teris philos et.', 'Voluptate it molest viveritur sit, nostrum beatam pariendam quid dolordation etiam ius.', '2020-07-07T18:26:30.000Z', DEFAULT), ('d3e983ad-54b5-50fe-a9b7-5603de3d5bb0', '5946d138-6826-52e5-bde3-d55fe3b812ff', 'Est ratione itur credo quaerenime os aut etiam.', 'Potentur nam quod eo antium praetullus viderit, itionis et albamur non modis.', '2020-11-15T22:51:15.000Z', DEFAULT);
INSERT INTO public.equipments (id,name,description,purchase_value,purchase_date,created_at,boat_id,system_key,brand,model,serial_number,warranty_end_date) VALUES ('28c682ee-fcd6-51a5-8515-49d0ccfc05dc', 'Robel', 'Nec nomintelleg pellantur ut quiddam.', 3.699112625652083, '2020-03-15T02:18:34.000Z', DEFAULT, 'd514a2a9-b3a3-549c-8b0f-275ed0f26451', 'comfort_and_interior', 'Adducem probesse commodo quibus ipsa non, voluperit bonum agaturi quod ratio.', 'Studuisse sit vacuit ad expetulsa fama spe, ea nullas voluptates et sunt.', 'Facimpedit sunt minus quod lit senecto philos, tota maior voluptatem sic sapiendi malis posuit.', '2020-12-08T11:50:58.000Z'), ('6e5d7600-6cd4-5041-9fd4-d9ab19c812d7', 'Schamberger', 'Ad potesse quidemus numer endituro eaque.', 13.342601460924937, '2020-05-25T05:08:02.000Z', DEFAULT, '5946d138-6826-52e5-bde3-d55fe3b812ff', 'engine_and_propulsion', 'Qui contra cumbere dolordam minus fruuntur expetuisti sectetur.', 'Es autem voluptasse per issius, a paulo magnumquid neque avis.', 'Plerum moles propter incultari referim explicemus, videt laudat inum quaeritatus vitamus dolorteat et fieri.', '2020-09-01T20:54:09.000Z'), ('fc97b772-28c7-55ac-a63b-346022d6b55b', 'Rohan', 'Efficerim texitans tensio institione modo aeque quid, quos autem iucuntates qui suum.', 1.3781116949124803, '2020-07-19T06:34:10.000Z', DEFAULT, 'd9ab4294-750c-51da-93fe-b4125401af7a', 'electronics_and_navigation', 'Potes dissero ipem confecto non eidolut.', 'Numquam et efficta solet de quae.', 'Mea placebim vitae confirmare aut intere repelecce are.', '2020-02-02T01:48:41.000Z'), ('1053f5d0-75e4-5ea8-80e2-b65a852ba602', 'Nader', 'Probab referta sunt nec libentur.', 4.144210873483847, '2020-05-13T16:48:57.000Z', DEFAULT, 'd514a2a9-b3a3-549c-8b0f-275ed0f26451', 'plumbing', 'Si quidam ad vult igitiarum scripta, natur as atis sensu cum.', 'Negano quoniam in tum probaris animbutus praeclaret minus.', 'Est in ilium constitionib autem.', '2020-09-05T20:12:23.000Z'), ('d320d85d-3f4f-5c34-9d89-5ef17756eb69', 'Bergnaum', 'Inistime eiusdemocrit fugiendi tibi cur, potest non ipsummum nescius eamus.', 3.2242304656477097, '2020-10-02T21:22:54.000Z', DEFAULT, 'd9ab4294-750c-51da-93fe-b4125401af7a', 'electronics_and_navigation', 'Pectatum te iudicural itas nobisse, fatenime tum malor eiusdemoccul amicari in putati.', 'Iudicitat reret procedundum se omum est acceditis voluptatem, relique brevi quia quo docet amur apudo consequat.', 'Graecis cum natura natur audire quae iudicosop facientiam, quae ne tam imperitus nihillam dixer compartitur.', '2020-07-27T18:45:00.000Z'), ('791473a9-36c2-561d-a190-eacec6426fe7', 'Borer', 'Ulis ad omnemo quod fortas dis a cyrenaicis, maioresse sint tentam quaedam etiam.', 11.094839629025625, '2020-07-03T06:49:37.000Z', DEFAULT, 'd9ab4294-750c-51da-93fe-b4125401af7a', 'miscellaneous', 'Voluptatib a atibus mihi pertinis vos, civium necesque itat ne negent gloriae vel velinas.', 'Maiora praecepicur it iudicare sus, contra assuevitan si omni non relin distinacun.', 'Sed maximo divelli sed ermittate quid tamendi invituptas, alique hominiuria quibus ea voluptates.', '2020-08-12T08:04:03.000Z'), ('78093c05-5583-5b8f-aba0-3b0e55d9e80d', 'Weimann', 'Extremum inquam locus numquam audiebamor si.', 6.7101295002474695, '2020-10-18T21:14:39.000Z', DEFAULT, '4e3154f8-cf41-548c-b828-3f67e4bab313', 'safety', 'Adiunctione diligate rerum sunt ne.', 'Aeque quicquam modo paratest philos, quam est ut labori sed.', 'Dissentior quosdam integris ad expetu quid non liciat.', '2020-11-19T11:02:23.000Z'), ('af1314d8-df5a-5b31-a861-df1df933c0f9', 'Boyer', 'Ad qui enimusus legantiquit quaerentibus nec anim, disserenim quid et omnes quae us inum nollem.', 5.070597487524075, '2020-09-05T20:32:25.000Z', DEFAULT, '5946d138-6826-52e5-bde3-d55fe3b812ff', 'comfort_and_interior', 'Lat adipsa sit totum et sunt, magnitioque phaedrum cursu sola conseque itat er.', 'Tollatin es elem iditus vidensa sine, nihillabor inavis esse consule atomnisi.', 'Praeterga quid ea animamic videt non adiit, anim motus exeret providitat at non.', '2020-07-19T18:35:12.000Z'), ('810c961d-0940-524e-94dc-4e36946f2f23', 'Reynolds', 'Earum iis consumma benivolum fruuntur endus ine.', 13.99378023076549, '2020-06-14T05:56:44.000Z', DEFAULT, '5946d138-6826-52e5-bde3-d55fe3b812ff', 'safety', 'Atigi quae praesensionib iudicur studuisse virtutibus placat.', 'Um moda insequitat potessenten bene et, omne ea videt obruamus non tranquillitter autem sedulis.', 'Ducita iucundum eiusdem in quibus im.', '2020-03-15T03:04:42.000Z'), ('b8a748cf-a972-5b9d-b6f7-40e07073a5f6', 'Bode', 'Equid re modo necest essarum vitam quo quos, libenderig ipsam aut quod non inter ne.', 4.4291659564417065, '2020-03-23T03:00:38.000Z', DEFAULT, 'd514a2a9-b3a3-549c-8b0f-275ed0f26451', 'safety', 'Pariat cotid ut philos ego et quibus sine.', 'Sol ipsos nec dirigionem venere.', 'Ne quid haereret desiditis malum.', '2020-11-15T10:32:37.000Z'), ('92e89aec-a127-582c-9574-0de17ddf83a8', 'Nienow', 'Propterest vivendi victi aut exaudiebam sapientia.', 8.473086660364494, '2020-01-25T12:26:03.000Z', DEFAULT, 'd9ab4294-750c-51da-93fe-b4125401af7a', 'comfort_and_interior', 'Entium seditation expetenta solut quod consequat partem.', 'Studiis ophia eumque quaerenim talibus, ulae istimeamus maledunum it diis iscuntur summam.', 'Adminim desid voluptat natus quae maiora, inerant disputas molest ut est nihiles.', '2020-09-05T21:06:34.000Z'), ('c6aeeeb0-4ded-51ba-8b4c-837062e449cb', 'Grady', 'Cum maiores es mihi tranquillatin libid reprehent, ea etiam esse si num voluptatem intellegi sit.', 9.832610095819554, '2020-06-10T17:56:40.000Z', DEFAULT, 'd9ab4294-750c-51da-93fe-b4125401af7a', 'electronics_and_navigation', 'Salut is pacto tranquilli hic iditia.', 'Non honesse tem volupletior legamars, ipsos qui a habet am.', 'Sunt ii vituptat est potesse vero atque, se atomitiae et dicanimi aut tare libiderga atio.', '2020-02-18T01:11:05.000Z'), ('0b348af1-d2f3-59af-b128-136299cf7001', 'Gleason', 'Tamenim quadam a non neque.', 13.099774674387813, '2020-02-26T13:25:47.000Z', DEFAULT, '4e3154f8-cf41-548c-b828-3f67e4bab313', 'sails_and_rigging', 'Are quod nec et maxim, conet primum tentiae etiam peccandi brevis quae.', 'Si neces eum a is itarissim, noscere non maioresset distingeren voluptate.', 'Plura nosque de inde videre, in sed reque ex locuptatem natur ego nullo.', '2020-08-28T07:13:10.000Z'), ('15f2e815-4e24-5fbd-b06d-3a780cde4a13', 'Gislason', 'Natur hostempus eius autem voluptatem levis, sed endus pellata disciplinab bonum.', 11.880483796505361, '2020-08-04T19:31:03.000Z', DEFAULT, '4e3154f8-cf41-548c-b828-3f67e4bab313', 'plumbing', 'Pleris recta aut voluptatem victi.', 'Nihilla laetet fieri cum multiturum laetam antur, conduce cumque depravation non tantis idinavis rebus.', 'Animad reliquid desiderir nomin acceder ini, motu mea in reperudit ut ubi.', '2020-01-25T12:14:44.000Z'), ('01b85b80-4793-5a7d-b8b5-6b9d0438a478', 'Leuschke', 'Affert aliam vel quae rectas nos.', 9.971342189024101, '2020-05-13T16:14:49.000Z', DEFAULT, '4e3154f8-cf41-548c-b828-3f67e4bab313', 'safety', 'Regiosamus noster aut opest aut voluptates neque summam, aliquid sunt cognos etur non cibo conetiam.', 'Aret odercendar autem disserent cum quidem autem bona.', 'Atum non fieri quem tantoperun, architecta voluptate molest dissidenti ea.', '2020-05-01T05:00:24.000Z'), ('0286ad86-33f4-52f9-94e3-5cf7612993b2', 'Ryan', 'Maioribusdam declinatio patre dolorest ceram, legens qui quid autem tentiam.', 10.00441206272132, '2020-03-15T02:41:58.000Z', DEFAULT, 'd514a2a9-b3a3-549c-8b0f-275ed0f26451', 'electrical', 'Praetere dicantibus entium fugientiam interunt nobis, aut medium escendare quem et hae.', 'Eam it praetulat brevi vire numerit, quibus dici tu defin optineantur.', 'Incur quibus in gessisse idere is.', '2020-08-24T20:06:14.000Z'), ('b4cb6311-ea54-5cef-8928-ec05c46d5f3d', 'Considine', 'Non utionestiam et careritat venus numquam videbitiae amicant.', 11.505682900389054, '2020-02-02T13:39:07.000Z', DEFAULT, '4e3154f8-cf41-548c-b828-3f67e4bab313', 'comfort_and_interior', 'Ego as autemur ea epicium, esset et ducatque per modo.', 'Contra quapropter qua legitia minoresse quas temper, munitur vitium ano sine maiorem collegantib si.', 'Meam rerum et maxim mortissimus, tamenimi ego se extremum oris.', '2020-03-03T03:00:11.000Z'), ('01383480-afd7-582a-a965-d6a25bcc8081', 'Friesen', 'Quidam sit civitaque inciderque mors tes, mollittere dominquam extremum coniungimur esse brevis cumcisaque.', 11.646486309476982, '2020-01-21T12:18:03.000Z', DEFAULT, 'd514a2a9-b3a3-549c-8b0f-275ed0f26451', 'sails_and_rigging', 'Lud disciplinat nihillud possum ore antibi mihi severat.', 'Unt et loco partite videbitur adipsas iure, quae multamque despericit munice virtute.', 'Et enimas faciunt latini de are tantum ad, videm sed si vide physicis autem persius multa.', '2020-08-08T19:46:31.000Z'), ('65a9c73f-fa4f-52f0-8777-eddbbab882d9', 'Treutel', 'Vivenimpet arridentium videant nec utrum nec inore est, pleniorestiae si comituro atur animpendet nihilem.', 12.816507333488971, '2020-03-11T14:14:24.000Z', DEFAULT, '4e3154f8-cf41-548c-b828-3f67e4bab313', 'comfort_and_interior', 'Tamque se simplicem talibus habeo neglexere quaerimi.', 'Curatem apsa arbitrantur tam iudicos imi, non suas eosque ore inam docti quos deteret.', 'Nec aborumquam aut inum illud, detraxita mortalibus inam cyrenaicos sed maiores idit.', '2020-07-11T18:22:50.000Z'), ('87671030-e918-52b7-a7d0-ef565786392d', 'O''Kon', 'Expleantur aegritus quibus homo et videanturbul.', 8.508862332715578, '2020-05-17T16:40:02.000Z', DEFAULT, '4e3154f8-cf41-548c-b828-3f67e4bab313', 'hull_and_deck', 'Paulo primistimus nihillum subtilius amicura sin nihilius defat, possit naturbestiae ad melius ad tam.', 'Am stabilem ilesse idem si magna, comprobissim exedatem vicintelleg aliendi everration epicurum.', 'Et sunt quaeso aut quae eri sunt, versa in gendos anda voluptatem.', '2020-09-09T08:24:48.000Z'), ('e7f34860-81f7-574d-8a6e-f2e7435cb7d3', 'Runte', 'Oblique tum et quam ac vita aut nisi.', 3.4526034133304493, '2020-06-18T05:29:53.000Z', DEFAULT, '5946d138-6826-52e5-bde3-d55fe3b812ff', 'electronics_and_navigation', 'Nec atus ratio quoque es eadem esse.', 'Untur manillabor et animi vitamartif non, dictum soleaturque et sedulis doctrina sed sinathenis.', 'Spe vide eo sumus et, inest fit eorum prospexit linamus perspiciat.', '2020-02-06T01:33:29.000Z'), ('12e85156-01f8-5e6b-98cc-2941ad32417a', 'Wilderman', 'Andisseren amicia coniunt frequentiam quo, etur splendore naturus non in copulis.', 14.502063729153917, '2020-03-07T02:48:36.000Z', DEFAULT, '4e3154f8-cf41-548c-b828-3f67e4bab313', 'sails_and_rigging', 'Voluptas quam anime ut numerrorem.', 'Ad torum summum orum en latinum.', 'Scientia pueros unt viderate omnes, qui quia angoribus eo concessermo ipsa iactari pro.', '2020-08-28T19:56:59.000Z'), ('1ac4f916-97fc-548a-895d-ac647d59c9f0', 'Considine', 'Inis effici quem igenda linguam intelleges.', 13.817702504480527, '2020-03-23T14:32:26.000Z', DEFAULT, 'd514a2a9-b3a3-549c-8b0f-275ed0f26451', 'electrical', 'Difficitiae tum graecis pueril deorsum quod ratione esse, melius um doloresse molestia vero neque es.', 'Am haec sum tamen nihiliora in.', 'Quae epicarmat quot nec dolor intellegan sine deniquerin, iniuria remis voluperius in quam aut hominamic autem.', '2020-11-07T22:45:32.000Z'), ('8d7da4c9-9cb0-540e-85c7-cf971dc53506', 'Dare', 'Multo lud et atur collegatio, atu factorquato nosque sequitatom habet.', 6.687321178798686, '2020-09-13T20:55:45.000Z', DEFAULT, '5946d138-6826-52e5-bde3-d55fe3b812ff', 'engine_and_propulsion', 'Iudicur praesent te necest curri latint omni aegritumquam, se nullam musicitat ratio quibus admonstret melius.', 'Ant miserudo etiam responsum expetu spe consecut, quam quibus copullus rerum quem migrare et eaque.', 'Suis vel maiorum et facta ultimo.', '2020-04-04T03:38:29.000Z'), ('c620e27e-d81c-5c1f-aa5e-38482a11ea8b', 'Parisian', 'Quae ipsius quae de posito.', 15.727726117496559, '2020-09-09T08:54:10.000Z', DEFAULT, 'd9ab4294-750c-51da-93fe-b4125401af7a', 'plumbing', 'Utamicur dis contentiae es putas deinde rem, e cupidem sed a ullam exquis pernare sed.', 'Venire quamquam fortibi philosopor feci ad, ab deterent omne a ego malunum omnemoria.', 'Vivere certe ant natur transferam ego estum, constringeniis viris solendi sapientium int.', '2020-01-17T00:19:44.000Z'), ('bc320633-f64c-5fd5-bda0-940631811352', 'Wyman', 'Reprehent victi quoniam quos ego inem secutus ponsumus, admodo graecistamquam sent tutem ocritudin ipsa vitamicit.', 7.48136078928244, '2020-07-07T06:31:16.000Z', DEFAULT, 'd514a2a9-b3a3-549c-8b0f-275ed0f26451', 'electronics_and_navigation', 'Consuetudit maluis nos iditumque alter quos.', 'Ore ut fit expedire itur suavitasper permultis.', 'Artis voluptas quid liberabo tribuat cum nullo et.', '2020-11-07T10:10:48.000Z'), ('2d245b08-f061-5d40-9cbd-ece09f08f1ae', 'Feeney', 'Graeci si num ornatur causa id.', 3.321343875416922, '2020-09-05T08:38:22.000Z', DEFAULT, '5946d138-6826-52e5-bde3-d55fe3b812ff', 'electronics_and_navigation', 'Et sit ea nec ratione industriae.', 'Deniquod tibus sitista aeque quam autem non, ut tore in memoratis afferre.', 'Per privat cum proptervenis ratio per et.', '2020-04-16T03:27:22.000Z'), ('ff03c12d-faa5-5452-aa71-bbbb0242c033', 'Donnelly', 'Quietem ulsa est bonum abo serenimis probamicur.', 11.71953307293397, '2020-12-12T23:24:21.000Z', DEFAULT, 'd514a2a9-b3a3-549c-8b0f-275ed0f26451', 'miscellaneous', 'Non praetero quondam sed sunt ant facillius, dilignaviam qui copulis utum ut.', 'Qui atque quibus multi omnesque, odioque vertat inem parum multis.', 'Iis aegriti tempus insequuntur dedoctavis sicutilii, monstret quantum ad cotida e quas integris orum.', '2020-08-28T07:32:38.000Z'), ('bcb80706-b78c-5d21-9baf-432ea17e8650', 'Goodwin', 'Graeci de philosoptin non dignitiae quaeque, horreat quam as nulla nam potes sciscat.', 6.464850375321007, '2020-06-02T05:06:11.000Z', DEFAULT, '5946d138-6826-52e5-bde3-d55fe3b812ff', 'hull_and_deck', 'Dicet temperfecer et praeclarani sentendiscor, multis aris nostri il voluptator adhibuit summum.', 'Quidem id aliquamus es eitam et, dolorest scaevolum vel mihi quaedamputat est neque ut.', 'Se eret pacto quod libidque.', '2020-09-01T20:36:19.000Z'), ('b2171a5c-e337-547d-9e5a-2d040517ccfe', 'Parisian', 'Perspici modo tamenimum irca fueritia non plurima ferre, bonoribus leganus formidiniur enda voluptatem.', 1.6748978622289725, '2020-05-17T04:37:29.000Z', DEFAULT, '4e3154f8-cf41-548c-b828-3f67e4bab313', 'comfort_and_interior', 'Respirare eodem sint vexet quae.', 'Quid utillo autemus ad autem ans, cum in iam quidem nostros quidemus.', 'Aut identur et quia doctissimo ute et transferamor.', '2020-11-19T10:55:45.000Z'), ('015d3d19-ba5f-59d9-8c13-2f4f904052ef', 'Feil', 'Ceramicis ante sic dolores ea.', 1.7253809616571802, '2020-04-16T15:22:01.000Z', DEFAULT, '5946d138-6826-52e5-bde3-d55fe3b812ff', 'electronics_and_navigation', 'Se a dulce in dictur nec quod simostendit, sunt quasi nam ad uti tertio.', 'Afferre voluptatem referunt sint perant magis um.', 'Non ad diceret graeco ea causa iucunum laetam, voluptatem leviorest de autem a.', '2020-06-22T06:04:33.000Z'), ('fe4aced7-0fb4-5f2f-ba2e-9590f1103e4f', 'Shields', 'Anum si desis dolorum efficiat detere, sed libere neque amicitat intellegun probittantis si suo.', 12.001907629976534, '2020-09-13T09:11:50.000Z', DEFAULT, 'd514a2a9-b3a3-549c-8b0f-275ed0f26451', 'hull_and_deck', 'Sine inquamquam possunt ut cum bonis cum inest, haerere ac beatusdam qui esse huc nihillum.', 'Sive neque meminquit sinit caritio endi satis vita, eam uturaliq saxum non se chaere utris pellata.', 'Animo a potest iti recta peranime, necesse are ea dolorem te manu hoc nulla.', '2020-11-27T23:02:17.000Z'), ('be30f16e-28c5-5d87-9b85-ee8265f4f01f', 'King', 'Quibus cum ponita patiendi natur quia quo, ari ores taneum aut fugiat doloramic sedit voluptasse.', 3.1931755984390784, '2020-06-02T05:45:20.000Z', DEFAULT, '5946d138-6826-52e5-bde3-d55fe3b812ff', 'safety', 'Idem displicab evere pore is ante approbab idem.', 'Ad epicur reperstition ius sentenuitas certe.', 'Itas commune quae propterror autem.', '2020-07-03T06:53:00.000Z'), ('03105022-7317-5f0e-9cbe-3ed11df3b158', 'Conn', 'Est inquam appetuis bene ius morte quietus erem, opem consumus ea petentur quae convindicer sunt.', 9.113078670917469, '2020-10-22T10:11:07.000Z', DEFAULT, '5946d138-6826-52e5-bde3-d55fe3b812ff', 'anchor_and_mooring', 'Saturum putationum minis inem ad etiam.', 'Initeran autem eo perpeten es quo brutus orum, sin scripta consistatib quod iudicosop quantumcum ab non.', 'Ne homintelleg epicit quicquam ime sive divitatom.', '2020-07-23T18:21:45.000Z'), ('538a7286-7fbc-564a-a510-bf490b74b640', 'Vandervort', 'Aut apudin ipse gaudeat a, eloquentiam quod videtiam tum quam es.', 12.255242949867158, '2020-09-21T08:46:13.000Z', DEFAULT, '4e3154f8-cf41-548c-b828-3f67e4bab313', 'engine_and_propulsion', 'Graecis sed es fieri quietae simil potius putem.', 'Est es itiam esse ire convincerem vel.', 'Legendas contemperven ille autem probare.', '2020-07-15T06:21:03.000Z'), ('a1539d26-b13f-52ee-956d-d19a7088e9c3', 'Monahan', 'Molest divinsequen petensa hoc quidem es, cetercitum medeamque sit dein corpore conet.', 10.611812911585554, '2020-12-20T11:47:48.000Z', DEFAULT, '4e3154f8-cf41-548c-b828-3f67e4bab313', 'sails_and_rigging', 'Ducitia cum de placet nudus perfecto videt.', 'Discenset am futur hanc cum libidem praeterire, negat molest praesendit propter ur.', 'Extremum fallare es cum is consentendit ea quantum, este ne ipsa fuisse si incidanes.', '2020-06-26T05:48:39.000Z'), ('4f84b55a-d8b7-5661-b90f-61ac99c918b6', 'Mills', 'Controvere tam se expecunt stabiliarit, hosti et putat modumque abiliorib nihil.', 5.193612804107695, '2020-10-22T21:50:01.000Z', DEFAULT, '5946d138-6826-52e5-bde3-d55fe3b812ff', 'miscellaneous', 'Hoc bonum concur recte agam et fruentemper me.', 'Non tandum placetis segnitatem gaudertis sentiri multi, longinquit philosam valet ati epicantes et.', 'Nos incidere non dixi aliae uti et sunt, praeclarandae omnis momendiscip in postea ars quae video.', '2020-03-27T02:51:16.000Z'), ('f9b6b495-5d5f-5246-ad6f-c88a823bcde9', 'Jerde', 'Obcaecilior controver quae minimus eadem.', 15.915699938460879, '2020-10-02T09:16:50.000Z', DEFAULT, '4e3154f8-cf41-548c-b828-3f67e4bab313', 'electrical', 'Facetiam ine nostrum id nobis quam cum infinita, contra admonet es nam responenda solum philos.', 'Nihillum necessariae esse duxitis illo.', 'Nondumve hominem taneum inanimpen spe sine quo.', '2020-01-21T00:42:24.000Z'), ('6a77fc86-484b-5cb6-97a0-7db689b15290', 'Sipes', 'Insit alterminus choro inormidan quosque libercens molest, requirere ulla malumquam latintelleg chrysippo.', 8.895699650988464, '2020-01-09T00:37:19.000Z', DEFAULT, 'd514a2a9-b3a3-549c-8b0f-275ed0f26451', 'anchor_and_mooring', 'Quae tum meque voluptatis quanta haec dicas epicis.', 'Neque dicita et scriptorquatum inione a, dicantes ex natequidae ne quod.', 'Tale eidolam ad res et propem.', '2020-03-07T02:03:44.000Z'), ('3da26184-0261-5fce-b6a6-d6967f907953', 'Crist', 'Aut mihi antes omni praeterin an unt, romantiam sit malum dialectantum molest ii fruuntur ipsa.', 11.043795382441498, '2020-09-13T09:05:39.000Z', DEFAULT, 'd9ab4294-750c-51da-93fe-b4125401af7a', 'plumbing', 'Ut quia chrysippi voluptas posse ipso, in solum esse etissimam modo rerum ad.', 'Quo ab suum horum summam, intuemura quo et restate igitio eor declinam.', 'Nec tamenimus et cum omnis est foderit chaere.', '2020-08-12T07:18:16.000Z'), ('cccc6771-b7de-5814-a350-9183c3325d8f', 'Cummerata', 'Amicis vero sublatinpor repugi quo convertat.', 2.428047193462517, '2020-03-03T02:15:41.000Z', DEFAULT, '4e3154f8-cf41-548c-b828-3f67e4bab313', 'anchor_and_mooring', 'Esse tradittantum id rogare time, civitur es sit quid ne maxim.', 'Provinemus iis efficerit alterror pacto invendibil ius.', 'Es ere de cursionem possunt.', '2020-10-14T09:36:23.000Z'), ('3622a123-90dd-55f2-ac90-321921f5eb11', 'Denesik', 'Et placebata metu et aut percipit, enta iisque tamenimad sed naturaliam frustra.', 0.20066951475342878, '2020-04-04T04:00:58.000Z', DEFAULT, 'd9ab4294-750c-51da-93fe-b4125401af7a', 'miscellaneous', 'Voluptas id nos sunt non placet enda eas, explicat possint nisi voluptatem vera cognomine etiam iusteque.', 'Quondam cum sapiendum verumque patria ex voluptate non.', 'Scaevolam nis et atur clamatum sententiones ab falli.', '2020-03-15T14:18:27.000Z'), ('0f4d56eb-8a93-5535-8b22-88288205909a', 'Shields', 'Multis et itatem propterminus non natur hoc manendi.', 12.024420607667594, '2020-08-12T19:56:28.000Z', DEFAULT, '5946d138-6826-52e5-bde3-d55fe3b812ff', 'engine_and_propulsion', 'Sed superit disputet quorum nam putant haec, doctrina cumque primorumque paene inim laboraris quae.', 'Quis etiam uti videat viventur est reprimum, it idinione in qui ipsos commemin quidem terum.', 'Nostertium ut exerstituit rem assumenim corrum laborest iderer.', '2020-04-04T03:20:18.000Z'), ('9335c350-6354-520a-8bd0-a3fcc81a3662', 'Cremin', 'Non omnes postremo aeque igitionib in apere si, iudicural si sum quod morborum arendi duxitia.', 10.89997983259451, '2020-08-04T19:37:21.000Z', DEFAULT, '5946d138-6826-52e5-bde3-d55fe3b812ff', 'safety', 'Voluptatem nulla vidiae arum romante allicitat, corporis pauca si sed multa.', 'Quae recte atem erari a amotis, atio sapienum saepe quam habemanes sophoc circo.', 'Sententiam nam im adverendi dicerietur hostemporro.', '2020-01-25T12:56:48.000Z'), ('c453b715-bb7d-5553-b02e-7eb1a6c3d0b8', 'Osinski', 'Exis aut nudus esse huc efficitat andisseren.', 0.6259028215357213, '2020-06-22T05:33:19.000Z', DEFAULT, '5946d138-6826-52e5-bde3-d55fe3b812ff', 'electronics_and_navigation', 'Fanti ulatest conquirent im quas perspicuum statu.', 'Sed ancillae quis robus extremum are quosdam efac.', 'Esse geomet dividerit lucifugnan hortatum.', '2020-10-22T09:25:34.000Z'), ('b3980dfe-3e4b-5ae0-8ac4-903e6b0c31e7', 'Gottlieb', 'Neque quis vitationi sum explicet a oditionib, quam variarum vituptates ad quia necest potesta.', 4.436688973447516, '2020-08-20T19:28:32.000Z', DEFAULT, 'd514a2a9-b3a3-549c-8b0f-275ed0f26451', 'electronics_and_navigation', 'Etiam invenere quem recte quae platonem modo.', 'Segniorem inam eratqui voluptas maximit, complurimper consequatur partem nam nihilius.', 'Exquisquam ipsas diligensib ignoristius sed tamendam, timangore et est nomenimag vivatque.', '2020-09-13T08:29:53.000Z'), ('a51db11e-4bb1-56ef-8d0f-41553a556c12', 'Price', 'Corpus qui igitur qua fieri mediocremis ex, probet dicit legi autemodit inum ipsos et.', 2.6776451249851587, '2020-09-13T21:04:43.000Z', DEFAULT, 'd9ab4294-750c-51da-93fe-b4125401af7a', 'electrical', 'Omnium defatio molessariae si ipso es beatus plus, ei voluptate inveniat propter docui de iudicum fieri.', 'Egregionem laudatur id duris sive cum.', 'Iisque declaranda hominem est albuci omore, sed epulla nulli quisquis cere profectus non ad.', '2020-04-16T03:27:50.000Z'), ('1c69bbdc-8623-5bda-9ad3-9f904258a010', 'Cassin', 'Itere pectatibus natur contra maloresset recte ullustriora, voluptatem quo es affecerit conveniatis en.', 5.588299313938669, '2020-08-04T19:31:24.000Z', DEFAULT, 'd9ab4294-750c-51da-93fe-b4125401af7a', 'engine_and_propulsion', 'Repugiens quam in inmorbi propterdicam formidincur, animadver eri sive quarum rerum non sentianus.', 'Disputem amusque aut quae alterminis faciam, simullus philosamic lud nihiliustius itur dente.', 'Nihilistrar ecto non magnos voluptas ine expleantur, tamens de quod vel magni aliqueret sint.', '2020-06-22T17:13:24.000Z'), ('7ddc0ecf-e0bd-58da-a2ba-cdb23d9590b5', 'Ebert', 'Videtiam propterassid probis delicaren ere nihil graeci et, vix cupidie directica iderab declinamic ur quidem.', 7.632428493636698, '2020-12-25T00:00:40.000Z', DEFAULT, 'd9ab4294-750c-51da-93fe-b4125401af7a', 'electronics_and_navigation', 'Rationem debeo graecos sequanturben maximi es qui repreheniun.', 'Restatem nihil ut rerum erenimad notae.', 'Pluribus quo voluptati potest tota alique dicamicur.', '2020-07-03T06:40:32.000Z'), ('95d1f118-109e-5740-825e-3b9c2dee7958', 'Rath', 'Ini commenantiam de recte numerem fit dolen memorum, causae quos sibus labeffluere t quae.', 15.352602959113131, '2020-03-23T14:21:01.000Z', DEFAULT, 'd514a2a9-b3a3-549c-8b0f-275ed0f26451', 'engine_and_propulsion', 'Qui sapiens hominsipien initia laborum blanditas infana depravatqui.', 'Et ipsas eo quid est iisque, atiguam filio are nulla sum.', 'Inis qua laudarem vos esse certate fruuntur tum, quantum generundus est ex sed.', '2020-11-11T10:23:06.000Z');
